"containsURL","URLcount","RTcount","htgScore","reply","OOVratio","first_follower","first_popularity","first_mention","first_list","sum_follower","sum_popularity","sum_mention","sum_list","important_follower","important_popularity","important_mention","important_list"
"False","0.0","2","45.75","False","0.0261","1534","0.2","0","15","1534","0.2","0","15","1534","0.2","0","15"
"True","1.0","0","154.6","False","0.061","487","0.2","0","3","487","0.2","0","3","487","0.2","0","3"
"True","7.0","2","223.5","False","0.0457","2118","0.36","94","34","2118","0.36","94","34","2118","0.36","94","34"
"True","1.0","0","195.6667","False","0.0341","3383","0.2","0","40","3383","0.2","0","40","3383","0.2","0","40"
"True","1.0","0","60.3636","False","0.0381","16","0.2","0","0","16","0.2","0","0","16","0.2","0","0"
"False","0.0","0","304.5","False","0.0505","284","0.2","0","5","284","0.2","0","5","284","0.2","0","5"
"True","1.0","0","178.0","False","0.0333","416","0.2","0","5","416","0.2","0","5","416","0.2","0","5"
"False","0.0","0","44.6667","False","0.0093","373","0.36","1","1","373","0.36","1","1","373","0.36","1","1"
"False","0.0","0","71.5714","False","0.0318","470","0.2","0","20","470","0.2","0","20","470","0.2","0","20"
"False","0.0","0","110.75","False","0.0545","98","0.2","0","0","98","0.2","0","0","98","0.2","0","0"
"False","0.0","0","80.0769","False","0.0281","487","0.2","0","3","487","0.2","0","3","487","0.2","0","3"
"True","1.0","0","17.5455","False","0.0136","26","0.2","1","0","26","0.2","1","0","26","0.2","1","0"
"False","0.0","2","431.0","False","0.0885","1184","0.2","2","38","1184","0.2","2","38","1184","0.2","2","38"
"True","12.0","0","62.1579","False","0.0145","85","0.2","0","1","85","0.2","0","1","85","0.2","0","1"
"False","0.0","0","184.3333","False","0.1131","2118","0.36","94","34","2118","0.36","94","34","2118","0.36","94","34"
"False","0.0","0","76.0909","False","0.0391","373","0.36","1","1","373","0.36","1","1","373","0.36","1","1"
"True","1.0","2","431.0","False","0.0472","123","0.2","0","0","123","0.2","0","0","123","0.2","0","0"
"True","2.0","1","225.3333","False","0.0571","2118","0.36","94","34","2118","0.36","94","34","2118","0.36","94","34"
"False","0.0","0","108.1667","False","0.0257","682","0.2","0","56","682","0.2","0","56","682","0.2","0","56"
"False","0.0","1","46.2143","False","0.0074","22","0.2","0","0","22","0.2","0","0","22","0.2","0","0"
"True","1.0","0","70.75","False","0.0397","802","0.2","0","358","802","0.2","0","358","802","0.2","0","358"
"False","0.0","0","65.75","False","0.0432","544","0.2","0","14","544","0.2","0","14","544","0.2","0","14"
"True","12.0","0","62.4545","False","0.0144","85","0.2","0","1","85","0.2","0","1","85","0.2","0","1"
"False","0.0","2","108.625","False","0.0546","1181","0.2","0","3","1181","0.2","0","3","1181","0.2","0","3"
"True","12.0","0","62.4545","False","0.0144","85","0.2","0","1","85","0.2","0","1","85","0.2","0","1"
"False","0.0","0","52.8333","False","0.0447","80","0.2","0","3","80","0.2","0","3","80","0.2","0","3"
"True","1.0","0","144.3333","False","0.0641","1004","0.2","0","550","1004","0.2","0","550","1004","0.2","0","550"
"False","0.0","0","58.45","False","0.0131","487","0.2","0","3","487","0.2","0","3","487","0.2","0","3"
"False","0.0","0","114.6","False","0.046","15","0.2","0","0","15","0.2","0","0","15","0.2","0","0"
"False","0.0","0","44.8","False","0.0111","373","0.36","1","1","373","0.36","1","1","373","0.36","1","1"
"True","3.0","0","52.6667","False","0.0369","16","0.2","0","0","16","0.2","0","0","16","0.2","0","0"
"True","1.0","0","92.8571","False","0.0238","682","0.2","0","56","682","0.2","0","56","682","0.2","0","56"
"False","0.0","2","431.0","False","0.0952","103941","0.2","2","341","103941","0.2","2","341","103941","0.2","2","341"
"True","2.0","0","184.0","False","0.0412","2118","0.36","94","34","2118","0.36","94","34","2118","0.36","94","34"
"False","0.0","2","50.3462","False","0.0149","22","0.2","0","0","22","0.2","0","0","22","0.2","0","0"
"True","2.0","0","223.5","False","0.04","2118","0.36","94","34","2118","0.36","94","34","2118","0.36","94","34"
"True","12.0","0","71.25","False","0.028","85","0.2","0","1","85","0.2","0","1","85","0.2","0","1"
"True","1.0","0","24.625","False","0.029","75","0.2","0","3","75","0.2","0","3","75","0.2","0","3"
"True","1.0","0","100.0","False","0.0283","4884","0.2","0","99","4884","0.2","0","99","4884","0.2","0","99"
"True","2.0","1","431.0","False","0.0533","10682","0.36","0","148","10682","0.36","0","148","10682","0.36","0","148"
"True","1.0","0","85.5","False","0.02","4884","0.2","0","99","4884","0.2","0","99","4884","0.2","0","99"
"False","0.0","0","88.1","False","0.0337","1031","0.2","0","20","1031","0.2","0","20","1031","0.2","0","20"
"True","1.0","0","87.2","False","0.0804","26","0.2","0","0","26","0.2","0","0","26","0.2","0","0"
"False","0.0","0","45.9286","False","0.0157","26","0.2","1","0","26","0.2","1","0","26","0.2","1","0"
"True","4.0","0","178.0","False","0.0552","416","0.2","0","5","416","0.2","0","5","416","0.2","0","5"
"False","0.0","1","51.1538","False","0.0214","234","0.2","0","30","234","0.2","0","30","234","0.2","0","30"
"True","12.0","0","59.6","False","0.0108","85","0.2","0","1","85","0.2","0","1","85","0.2","0","1"
"False","0.0","0","190.3333","False","0.0192","13514","0.2","0","89","13514","0.2","0","89","13514","0.2","0","89"
"True","1.0","0","89.5","False","0.05","370","0.2","1","5","370","0.2","1","5","370","0.2","1","5"
"True","1.0","0","90.6","False","0.0465","758","0.2","0","75","758","0.2","0","75","758","0.2","0","75"
"True","1.0","0","109.0","False","0.031","1004","0.2","0","550","1004","0.2","0","550","1004","0.2","0","550"
"False","0.0","0","91.5","False","0.0787","1195","0.2","0","22","1195","0.2","0","22","1195","0.2","0","22"
"True","1.0","1","249.0","False","0.0825","2118","0.36","94","34","2118","0.36","94","34","2118","0.36","94","34"
"True","1.0","0","243.0","False","0.069","285","0.2","0","2","285","0.2","0","2","285","0.2","0","2"
"True","1.0","0","160.2","False","0.0156","79","0.2","0","2","79","0.2","0","2","79","0.2","0","2"
"True","1.0","0","150.5","False","0.0333","67","0.2","0","0","67","0.2","0","0","67","0.2","0","0"
"False","0.0","2","431.0","False","0.1011","1184","0.2","2","38","1184","0.2","2","38","1184","0.2","2","38"
"True","1.0","1","30.875","False","0.0496","373","0.36","1","1","373","0.36","1","1","373","0.36","1","1"
"True","4.0","0","89.5","False","0.0519","416","0.2","0","5","416","0.2","0","5","416","0.2","0","5"
"False","0.0","0","68.4444","False","0.089","544","0.2","0","14","544","0.2","0","14","544","0.2","0","14"
"True","1.0","2","77.5","False","0.0498","373","0.36","1","1","373","0.36","1","1","373","0.36","1","1"
"False","0.0","0","431.0","False","0.0704","236","0.2","1","5","236","0.2","1","5","236","0.2","1","5"
"True","3.0","0","243.0","False","0.0846","2118","0.36","94","34","2118","0.36","94","34","2118","0.36","94","34"
"True","4.0","0","178.0","False","0.0369","416","0.2","0","5","416","0.2","0","5","416","0.2","0","5"
"True","1.0","0","158.5","False","0.0841","2464","0.2","0","47","2464","0.2","0","47","2464","0.2","0","47"
"True","2.0","0","223.5","False","0.0398","2118","0.36","94","34","2118","0.36","94","34","2118","0.36","94","34"
"False","0.0","0","179.0","False","0.0478","346","0.2","0","13","346","0.2","0","13","346","0.2","0","13"
"True","1.0","0","93.8889","False","0.0086","79","0.2","0","2","79","0.2","0","2","79","0.2","0","2"
"False","0.0","1","49.75","False","0.0199","194","0.2","0","1","194","0.2","0","1","194","0.2","0","1"
"True","2.0","0","122.5","False","0.0424","2118","0.36","94","34","2118","0.36","94","34","2118","0.36","94","34"
"True","1.0","0","45.0","False","0.0325","4884","0.2","0","99","4884","0.2","0","99","4884","0.2","0","99"
"False","0.0","1","62.65","False","0.0292","487","0.2","0","3","487","0.2","0","3","487","0.2","0","3"
"False","0.0","1","431.0","False","0.0467","39","0.2","0","0","39","0.2","0","0","39","0.2","0","0"
"True","1.0","0","77.7143","False","0.0417","113","0.2","0","23","113","0.2","0","23","113","0.2","0","23"
"False","0.0","0","174.6667","False","0.0376","460","0.2","0","4","460","0.2","0","4","460","0.2","0","4"
"True","4.0","0","178.0","False","0.0519","416","0.2","0","5","416","0.2","0","5","416","0.2","0","5"
"True","2.0","0","100.1429","False","0.03","682","0.2","0","56","682","0.2","0","56","682","0.2","0","56"
"True","1.0","0","431.0","False","0.0941","52","0.2","0","0","52","0.2","0","0","52","0.2","0","0"
"False","0.0","1","249.0","False","0.1129","2118","0.36","94","34","2118","0.36","94","34","2118","0.36","94","34"
"True","6.0","1","223.5","False","0.0435","2118","0.36","94","34","2118","0.36","94","34","2118","0.36","94","34"
"True","2.0","0","268.0","False","0.0387","6072","0.2","0","80","8190","0.56","94","114","6072","0.36","94","80"
"True","1.0","6","89.5","False","0.0934","1407","0.2","0","129","1407","0.2","0","129","1407","0.2","0","129"
"False","0.0","0","216.0","False","0.0208","45","0.2","0","0","45","0.2","0","0","45","0.2","0","0"
"True","3.0","0","149.0","False","0.0741","758","0.2","0","75","758","0.2","0","75","758","0.2","0","75"
"False","0.0","0","178.0","False","0.04","416","0.2","0","5","416","0.2","0","5","416","0.2","0","5"
"True","1.0","0","78.1875","False","0.005","79","0.2","0","2","79","0.2","0","2","79","0.2","0","2"
"False","0.0","0","78.0","False","0.0283","237","0.2","0","2","237","0.2","0","2","237","0.2","0","2"
"False","0.0","0","75.6667","False","0.0342","622","0.2","0","1","622","0.2","0","1","622","0.2","0","1"
"False","0.0","0","217.0","False","0.0894","3788","0.2","4","170","3788","0.2","4","170","3788","0.2","4","170"
"True","1.0","1","249.0","False","0.0717","236","0.2","1","5","236","0.2","1","5","236","0.2","1","5"
"True","2.0","0","161.0","False","0.0265","3383","0.2","0","40","3383","0.2","0","40","3383","0.2","0","40"
"True","1.0","1","431.0","False","0.0833","2118","0.36","94","34","2118","0.36","94","34","2118","0.36","94","34"
"False","0.0","1","154.5","False","0.0353","5243","0.2","0","158","5243","0.2","0","158","5243","0.2","0","158"
"True","1.0","2","249.0","False","0.0559","890","0.2","0","14","890","0.2","0","14","890","0.2","0","14"
"True","1.0","0","223.5","False","0.0398","2118","0.36","94","34","2118","0.36","94","34","2118","0.36","94","34"
"False","0.0","0","74.6","False","0.051","269","0.2","0","0","269","0.2","0","0","269","0.2","0","0"
"True","1.0","0","47.125","False","0.0109","23","0.2","0","0","23","0.2","0","0","23","0.2","0","0"
"True","1.0","1","431.0","False","0.0417","2118","0.36","94","34","2118","0.36","94","34","2118","0.36","94","34"
"False","0.0","0","188.0","False","0.0543","442","0.2","0","20","442","0.2","0","20","442","0.2","0","20"
"True","1.0","0","152.3333","False","0.0918","2118","0.36","94","34","2118","0.36","94","34","2118","0.36","94","34"
"True","1.0","0","93.5833","False","0.0514","3","0.2","0","0","3","0.2","0","0","3","0.2","0","0"
"False","0.0","0","136.8","False","0.049","154","0.2","0","0","154","0.2","0","0","154","0.2","0","0"
"False","0.0","2","178.0","False","0.0821","416","0.2","0","5","416","0.2","0","5","416","0.2","0","5"
"True","1.0","0","51.5","False","0.0435","3644","0.2","0","67","3644","0.2","0","67","3644","0.2","0","67"
"True","1.0","0","78.25","False","0.0058","79","0.2","0","2","79","0.2","0","2","79","0.2","0","2"
"True","1.0","0","216.5","False","0.0519","240","0.2","0","2","240","0.2","0","2","240","0.2","0","2"
"True","1.0","0","216.0","False","0.0227","0","0.2","0","0","0","0.2","0","0","0","0.2","0","0"
"True","1.0","0","77.4444","False","0.0079","79","0.2","0","2","79","0.2","0","2","79","0.2","0","2"
"False","0.0","0","106.3333","False","0.0458","470","0.2","0","20","470","0.2","0","20","470","0.2","0","20"
"False","0.0","1","115.75","False","0.0392","156","0.2","0","1","156","0.2","0","1","156","0.2","0","1"
"False","0.0","0","225.0","False","0.0859","2118","0.36","94","34","2118","0.36","94","34","2118","0.36","94","34"
"False","0.0","2","47.2143","False","0.0318","40","0.2","0","0","40","0.2","0","0","40","0.2","0","0"
"False","0.0","0","109.5","False","0.0483","98","0.2","0","0","98","0.2","0","0","98","0.2","0","0"
"False","0.0","0","136.6","False","0.042","165","0.2","0","9","165","0.2","0","9","165","0.2","0","9"
"False","0.0","1","49.2","False","0.0462","779","0.2","0","32","779","0.2","0","32","779","0.2","0","32"
"False","0.0","0","48.0","False","0.0286","480","0.2","0","3","480","0.2","0","3","480","0.2","0","3"
"False","0.0","2","44.6552","False","0.0074","22","0.2","0","0","22","0.2","0","0","22","0.2","0","0"
"False","0.0","2","178.0","False","0.0915","3788","0.2","4","170","3788","0.2","4","170","3788","0.2","4","170"
"True","3.0","0","110.75","False","0.062","758","0.2","0","75","758","0.2","0","75","758","0.2","0","75"
"False","0.0","6","431.0","False","0.05","2118","0.36","94","34","2118","0.36","94","34","2118","0.36","94","34"
"True","3.0","0","90.2","False","0.043","16","0.2","0","0","16","0.2","0","0","16","0.2","0","0"
"True","1.0","0","76.3333","False","0.0683","4884","0.2","0","99","4884","0.2","0","99","4884","0.2","0","99"
"True","1.0","0","431.0","False","0.0343","6115","0.2","0","131","6115","0.2","0","131","6115","0.2","0","131"
"False","0.0","0","57.85","False","0.0251","85","0.2","0","1","85","0.2","0","1","85","0.2","0","1"
"False","0.0","1","60.1905","False","0.0131","487","0.2","0","3","487","0.2","0","3","487","0.2","0","3"
"True","1.0","0","190.3333","False","0.0172","5","0.2","0","0","5","0.2","0","0","5","0.2","0","0"
"False","0.0","0","219.5","False","0.1008","236","0.2","1","5","236","0.2","1","5","236","0.2","1","5"
"True","1.0","0","243.0","False","0.0933","1556","0.2","0","39","1556","0.2","0","39","1556","0.2","0","39"
"False","0.0","1","91.7143","False","0.0377","197","0.2","0","2","197","0.2","0","2","197","0.2","0","2"
"False","0.0","1","241.0","False","0.0553","270","0.2","0","6","270","0.2","0","6","270","0.2","0","6"
"False","0.0","0","36.1429","False","0.0036","373","0.36","1","1","373","0.36","1","1","373","0.36","1","1"
"True","1.0","0","98.8","False","0.04","4884","0.2","0","99","4884","0.2","0","99","4884","0.2","0","99"
"True","2.0","0","431.0","False","0.0645","260","0.2","0","96","10942","0.56","0","244","10682","0.36","0","148"
"True","9.0","0","49.7857","False","0.0159","23","0.2","0","0","23","0.2","0","0","23","0.2","0","0"
"False","0.0","0","216.0","False","0.078","236","0.2","1","5","236","0.2","1","5","236","0.2","1","5"
"False","0.0","1","48.1071","False","0.0074","22","0.2","0","0","22","0.2","0","0","22","0.2","0","0"
"False","0.0","0","178.0","False","0.0444","370","0.2","1","5","370","0.2","1","5","370","0.2","1","5"
"False","0.0","2","216.0","False","0.1156","3788","0.2","4","170","3788","0.2","4","170","3788","0.2","4","170"
"False","0.0","0","216.0","False","0.0837","435","0.2","0","9","435","0.2","0","9","435","0.2","0","9"
"True","1.0","4","113.25","False","0.0321","2118","0.36","94","34","2118","0.36","94","34","2118","0.36","94","34"
"False","0.0","1","77.8571","False","0.0554","373","0.36","1","1","373","0.36","1","1","373","0.36","1","1"
"False","0.0","2","26.15","False","0.0143","148","0.2","7","2","148","0.2","7","2","148","0.2","7","2"
"True","1.0","0","108.8","False","0.0094","79","0.2","0","2","79","0.2","0","2","79","0.2","0","2"
"True","1.0","0","49.2857","False","0.034","1126","0.2","0","18","1126","0.2","0","18","1126","0.2","0","18"
"True","1.0","0","111.3333","False","0.0508","121","0.2","0","11","121","0.2","0","11","121","0.2","0","11"
"False","0.0","1","45.75","False","0.0452","622","0.2","0","1","622","0.2","0","1","622","0.2","0","1"
"True","1.0","0","45.4615","False","0.0317","501","0.2","0","22","501","0.2","0","22","501","0.2","0","22"
"False","0.0","0","83.5","False","0.0959","192","0.2","0","2","192","0.2","0","2","192","0.2","0","2"
"True","6.0","1","223.5","False","0.0471","2118","0.36","94","34","2118","0.36","94","34","2118","0.36","94","34"
"False","0.0","0","238.0","False","0.0473","346","0.2","0","13","346","0.2","0","13","346","0.2","0","13"
"True","1.0","0","90.0","False","0.0479","240","0.2","0","2","240","0.2","0","2","240","0.2","0","2"
"False","0.0","1","48.1071","False","0.0074","22","0.2","0","0","22","0.2","0","0","22","0.2","0","0"
"False","0.0","0","431.0","False","0.093","2118","0.36","94","34","2118","0.36","94","34","2118","0.36","94","34"
"True","1.0","0","203.5","False","0.0355","1438","0.2","1","70","1438","0.2","1","70","1438","0.2","1","70"
"True","12.0","1","68.1176","False","0.0159","85","0.2","0","1","85","0.2","0","1","85","0.2","0","1"
"True","1.0","0","96.6667","False","0.0513","121","0.2","0","11","121","0.2","0","11","121","0.2","0","11"
"True","1.0","0","89.5","False","0.0513","240","0.2","0","2","240","0.2","0","2","240","0.2","0","2"
"False","0.0","0","90.0","False","0.0455","416","0.2","0","5","416","0.2","0","5","416","0.2","0","5"
"False","0.0","0","304.5","False","0.0278","39","0.2","0","0","39","0.2","0","0","39","0.2","0","0"
"True","9.0","0","49.7857","False","0.0159","23","0.2","0","0","23","0.2","0","0","23","0.2","0","0"
"True","1.0","0","207.0","False","0.0345","3644","0.2","0","67","3644","0.2","0","67","3644","0.2","0","67"
"False","0.0","1","93.5","False","0.0417","6296","0.2","2","78","6296","0.2","2","78","6296","0.2","2","78"
"False","0.0","1","47.44","False","0.0223","22","0.2","0","0","22","0.2","0","0","22","0.2","0","0"
"False","0.0","1","47.4815","False","0.0073","22","0.2","0","0","22","0.2","0","0","22","0.2","0","0"
"False","0.0","0","55.8333","False","0.0136","237","0.2","0","2","237","0.2","0","2","237","0.2","0","2"
"True","1.0","0","104.0","False","0.0548","3","0.2","0","0","3","0.2","0","0","3","0.2","0","0"
"True","1.0","8","0.0","False","0.0372","24718","0.2","0","335","24718","0.2","0","335","24718","0.2","0","335"
"True","2.0","0","82.1429","False","0.0276","682","0.2","0","56","682","0.2","0","56","682","0.2","0","56"
"False","0.0","0","125.7143","False","0.0119","55","0.2","0","0","55","0.2","0","0","55","0.2","0","0"
"True","1.0","4","225.0","False","0.0352","2118","0.36","94","34","2118","0.36","94","34","2118","0.36","94","34"
"False","0.0","1","115.75","False","0.0392","156","0.2","0","1","156","0.2","0","1","156","0.2","0","1"
"True","1.0","0","91.1667","False","0.0357","2455","0.2","0","13","2455","0.2","0","13","2455","0.2","0","13"
"True","2.0","1","89.5","False","0.0811","3788","0.2","4","170","3788","0.2","4","170","3788","0.2","4","170"
"False","0.0","0","87.6","False","0.0444","373","0.36","1","1","373","0.36","1","1","373","0.36","1","1"
"True","1.0","0","45.5","False","0.0347","481","0.2","0","1","481","0.2","0","1","481","0.2","0","1"
"True","1.0","0","98.5","False","0.0641","3788","0.2","4","170","3788","0.2","4","170","3788","0.2","4","170"
"True","3.0","3","431.0","False","0.0466","2118","0.36","94","34","2118","0.36","94","34","2118","0.36","94","34"
"True","1.0","0","118.8","False","0.0521","4884","0.2","0","99","4884","0.2","0","99","4884","0.2","0","99"
"False","0.0","1","45.8966","False","0.0074","22","0.2","0","0","22","0.2","0","0","22","0.2","0","0"
"False","0.0","0","47.1786","False","0.0076","22","0.2","0","0","22","0.2","0","0","22","0.2","0","0"
"True","1.0","0","114.7778","False","0.0348","682","0.2","0","56","682","0.2","0","56","682","0.2","0","56"
"True","2.0","0","124.6","False","0.0226","2141","0.2","0","37","2141","0.2","0","37","2141","0.2","0","37"
"False","0.0","0","431.0","False","0.0896","2118","0.36","94","34","2118","0.36","94","34","2118","0.36","94","34"
"True","3.0","0","270.5","False","0.0404","2118","0.36","94","34","2118","0.36","94","34","2118","0.36","94","34"
"False","0.0","0","161.5","False","0.0362","373","0.36","1","1","373","0.36","1","1","373","0.36","1","1"
"True","1.0","0","223.5","False","0.0424","2118","0.36","94","34","2118","0.36","94","34","2118","0.36","94","34"
"True","2.0","0","216.0","False","0.0548","1004","0.2","0","550","1004","0.2","0","550","1004","0.2","0","550"
"False","0.0","1","89.5","False","0.042","123","0.2","0","0","123","0.2","0","0","123","0.2","0","0"
"False","0.0","1","249.0","False","0.0794","2118","0.36","94","34","2118","0.36","94","34","2118","0.36","94","34"
"False","0.0","2","154.5","False","0.0344","5243","0.2","0","158","5243","0.2","0","158","5243","0.2","0","158"
"True","1.0","70","0.0","False","0.0471","82","0.2","0","0","82","0.2","0","0","82","0.2","0","0"
"False","0.0","0","72.375","False","0.0255","388","0.2","0","2","388","0.2","0","2","388","0.2","0","2"
"True","1.0","0","104.5","False","0.0669","682","0.2","0","56","682","0.2","0","56","682","0.2","0","56"
"True","1.0","0","92.1667","False","0.061","119","0.2","0","4","119","0.2","0","4","119","0.2","0","4"
"True","1.0","0","73.8182","False","0.0526","319","0.2","0","16","319","0.2","0","16","319","0.2","0","16"
"False","0.0","1","82.0","False","0.0524","3788","0.2","4","170","3788","0.2","4","170","3788","0.2","4","170"
"True","5.0","0","57.1905","False","0.0145","85","0.2","0","1","85","0.2","0","1","85","0.2","0","1"
"True","1.0","0","144.3333","False","0.0748","76","0.2","0","1","76","0.2","0","1","76","0.2","0","1"
"True","1.0","0","188.0","False","0.0543","442","0.2","0","20","442","0.2","0","20","442","0.2","0","20"
"False","0.0","0","178.0","False","0.1074","3788","0.2","4","170","3788","0.2","4","170","3788","0.2","4","170"
"True","2.0","1","89.5","False","0.094","3788","0.2","4","170","3788","0.2","4","170","3788","0.2","4","170"
"True","1.0","0","268.0","False","0.0449","346","0.2","0","13","346","0.2","0","13","346","0.2","0","13"
"True","1.0","0","223.5","False","0.0482","2118","0.36","94","34","2118","0.36","94","34","2118","0.36","94","34"
"False","0.0","0","85.3333","False","0.0533","544","0.2","0","14","544","0.2","0","14","544","0.2","0","14"
"True","1.0","0","431.0","False","0.133","3788","0.2","4","170","3788","0.2","4","170","3788","0.2","4","170"
"True","1.0","2","431.0","False","0.0561","2118","0.36","94","34","2118","0.36","94","34","2118","0.36","94","34"
"True","1.0","0","87.5385","False","0.0491","3","0.2","0","0","3","0.2","0","0","3","0.2","0","0"
"True","1.0","5","431.0","False","0.0512","2118","0.36","94","34","2118","0.36","94","34","2118","0.36","94","34"
"True","1.0","1","81.6667","False","0.0622","53","0.2","0","0","53","0.2","0","0","53","0.2","0","0"
"False","0.0","1","146.3333","False","0.0758","544","0.2","0","14","544","0.2","0","14","544","0.2","0","14"
"False","0.0","1","47.8519","False","0.0147","22","0.2","0","0","22","0.2","0","0","22","0.2","0","0"
"True","4.0","0","146.3333","False","0.0559","126","0.2","0","3","126","0.2","0","3","126","0.2","0","3"
"True","1.0","0","178.0","False","0.0476","416","0.2","0","5","416","0.2","0","5","416","0.2","0","5"
"True","1.0","0","166.3333","False","0.0795","216","0.2","0","6","216","0.2","0","6","216","0.2","0","6"
"True","1.0","0","87.4","False","0.0561","261","0.2","0","3","261","0.2","0","3","261","0.2","0","3"
"False","0.0","4","34.3846","False","0.0305","162","0.2","0","2","162","0.2","0","2","162","0.2","0","2"
"True","1.0","0","152.75","False","0.0881","1062","0.2","0","12","1062","0.2","0","12","1062","0.2","0","12"
"True","1.0","0","82.75","False","0.0465","4884","0.2","0","99","4884","0.2","0","99","4884","0.2","0","99"
"True","1.0","1","0.0","False","0.0845","6618","0.2","0","123","6618","0.2","0","123","6618","0.2","0","123"
"False","0.0","0","81.7143","False","0.0284","373","0.36","1","1","373","0.36","1","1","373","0.36","1","1"
"True","1.0","0","71.1111","False","0.0086","79","0.2","0","2","79","0.2","0","2","79","0.2","0","2"
"False","0.0","0","146.3333","False","0.0956","544","0.2","0","14","544","0.2","0","14","544","0.2","0","14"
"True","1.0","0","149.0","False","0.0466","156","0.2","0","1","156","0.2","0","1","156","0.2","0","1"
"True","2.0","0","53.8182","False","0.0352","21","0.2","0","0","21","0.2","0","0","21","0.2","0","0"
"False","0.0","7","38.7778","False","0.0185","332","0.2","3","5","332","0.2","3","5","332","0.2","3","5"
"True","1.0","0","431.0","False","0.0278","26","0.2","0","1","26","0.2","0","1","26","0.2","0","1"
"True","1.0","0","98.4545","False","0.0545","3","0.2","0","0","3","0.2","0","0","3","0.2","0","0"
"True","1.0","3","249.0","False","0.0909","2118","0.36","94","34","2118","0.36","94","34","2118","0.36","94","34"
"True","1.0","2","90.5","False","0.025","332","0.2","3","5","332","0.2","3","5","332","0.2","3","5"
"True","1.0","0","81.4286","False","0.0391","544","0.2","0","14","544","0.2","0","14","544","0.2","0","14"
"False","0.0","0","47.8519","False","0.0147","22","0.2","0","0","22","0.2","0","0","22","0.2","0","0"
"True","1.0","0","223.5","False","0.0382","2118","0.36","94","34","2118","0.36","94","34","2118","0.36","94","34"
"True","3.0","1","431.0","False","0.0437","2118","0.36","94","34","2118","0.36","94","34","2118","0.36","94","34"
"True","1.0","3","116.5","False","0.0517","240","0.2","0","8","240","0.2","0","8","240","0.2","0","8"
"True","3.0","0","144.3333","False","0.0517","292","0.2","0","14","292","0.2","0","14","292","0.2","0","14"
"True","1.0","6","208.3333","False","0.0838","8557","0.2","0","132","8557","0.2","0","132","8557","0.2","0","132"
"False","0.0","0","82.0","False","0.0462","472","0.2","1","5","472","0.2","1","5","472","0.2","1","5"
"True","1.0","0","88.375","False","0.0288","4884","0.2","0","99","4884","0.2","0","99","4884","0.2","0","99"
"True","1.0","0","60.3333","False","0.0437","416","0.2","0","5","416","0.2","0","5","416","0.2","0","5"
"True","3.0","0","121.1429","False","0.0435","1031","0.2","0","20","1031","0.2","0","20","1031","0.2","0","20"
"False","0.0","0","138.0","False","0.0141","973","0.2","0","3","973","0.2","0","3","973","0.2","0","3"
"True","1.0","0","285.0","False","0.0732","1758","0.2","0","99","1758","0.2","0","99","1758","0.2","0","99"
"False","0.0","0","91.5","False","0.0683","1195","0.2","0","22","1195","0.2","0","22","1195","0.2","0","22"
"False","0.0","0","21.25","False","0.0036","152","0.2","0","7","152","0.2","0","7","152","0.2","0","7"
"False","0.0","1","47.8519","False","0.0147","22","0.2","0","0","22","0.2","0","0","22","0.2","0","0"
"True","12.0","0","62.1579","False","0.0145","85","0.2","0","1","85","0.2","0","1","85","0.2","0","1"
"True","2.0","2","431.0","False","0.1023","2118","0.36","94","34","2118","0.36","94","34","2118","0.36","94","34"
"True","4.0","0","178.0","False","0.0435","416","0.2","0","5","416","0.2","0","5","416","0.2","0","5"
"False","0.0","0","91.0","False","0.0453","16","0.2","0","0","16","0.2","0","0","16","0.2","0","0"
"True","1.0","0","90.6","False","0.0538","758","0.2","0","75","758","0.2","0","75","758","0.2","0","75"
"True","1.0","0","188.0","False","0.0543","442","0.2","0","20","442","0.2","0","20","442","0.2","0","20"
"True","5.0","1","431.0","False","0.0687","2118","0.36","94","34","2118","0.36","94","34","2118","0.36","94","34"
"True","1.0","0","57.0","False","0.0493","293","0.2","0","304","293","0.2","0","304","293","0.2","0","304"
"True","1.0","0","431.0","False","0.0847","3323","0.2","1","39","3323","0.2","1","39","3323","0.2","1","39"
"False","0.0","0","37.9","False","0.0037","373","0.36","1","1","373","0.36","1","1","373","0.36","1","1"
"True","1.0","0","218.0","False","0.0312","141","0.2","0","4","141","0.2","0","4","141","0.2","0","4"
"False","0.0","2","76.0909","False","0.0389","148","0.2","7","2","148","0.2","7","2","148","0.2","7","2"
"False","0.0","3","66.0","False","0.1045","3788","0.2","4","170","3788","0.2","4","170","3788","0.2","4","170"
"False","0.0","0","91.5","False","0.1016","416","0.2","0","5","416","0.2","0","5","416","0.2","0","5"
"True","1.0","0","249.0","False","0.0435","2118","0.36","94","34","2118","0.36","94","34","2118","0.36","94","34"
"True","1.0","1","60.6364","False","0.0385","544","0.2","0","14","544","0.2","0","14","544","0.2","0","14"
"False","0.0","1","178.0","False","0.1036","3788","0.2","4","170","3788","0.2","4","170","3788","0.2","4","170"
"False","0.0","0","431.0","False","0.0478","26","0.2","0","1","26","0.2","0","1","26","0.2","0","1"
"True","1.0","1","89.0","False","0.051","4884","0.2","0","99","4884","0.2","0","99","4884","0.2","0","99"
"False","0.0","2","195.25","False","0.042","2118","0.36","94","34","2118","0.36","94","34","2118","0.36","94","34"
"False","0.0","0","98.0","False","0.083","3788","0.2","4","170","3788","0.2","4","170","3788","0.2","4","170"
"False","0.0","2","90.5","False","0.0642","3788","0.2","4","170","3788","0.2","4","170","3788","0.2","4","170"
"False","0.0","1","89.5","False","0.0681","3788","0.2","4","170","3788","0.2","4","170","3788","0.2","4","170"
"False","0.0","1","62.65","False","0.0292","487","0.2","0","3","487","0.2","0","3","487","0.2","0","3"
"True","1.0","0","71.5714","False","0.0396","857","0.2","0","18","857","0.2","0","18","857","0.2","0","18"
"True","4.0","0","161.6667","False","0.0588","778","0.2","0","13","778","0.2","0","13","778","0.2","0","13"
"False","0.0","0","108.5","False","0.087","769","0.2","1","14","769","0.2","1","14","769","0.2","1","14"
"True","1.0","0","137.75","False","0.0427","2141","0.2","0","37","2141","0.2","0","37","2141","0.2","0","37"
"True","1.0","0","81.4444","False","0.0192","113","0.2","0","23","113","0.2","0","23","113","0.2","0","23"
"True","4.0","0","178.0","False","0.0486","416","0.2","0","5","416","0.2","0","5","416","0.2","0","5"
"False","0.0","1","69.9","False","0.0316","1534","0.2","0","15","1534","0.2","0","15","1534","0.2","0","15"
"True","1.0","0","249.0","False","0.029","2118","0.36","94","34","2118","0.36","94","34","2118","0.36","94","34"
"True","2.0","0","148.75","False","0.0562","802","0.2","0","358","802","0.2","0","358","802","0.2","0","358"
"False","0.0","0","431.0","False","0.0765","2118","0.36","94","34","2118","0.36","94","34","2118","0.36","94","34"
"True","2.0","0","431.0","False","0.1053","6115","0.2","0","131","6115","0.2","0","131","6115","0.2","0","131"
"False","0.0","0","151.6667","False","0.0312","3644","0.2","0","67","3644","0.2","0","67","3644","0.2","0","67"
"False","0.0","0","45.125","False","0.0257","373","0.36","1","1","373","0.36","1","1","373","0.36","1","1"
"False","0.0","2","26.2857","False","0.0253","396","0.2","0","1","396","0.2","0","1","396","0.2","0","1"
"False","0.0","6","178.0","False","0.1","2273","0.2","0","1","2273","0.2","0","1","2273","0.2","0","1"
"False","0.0","2","65.6667","False","0.0808","3788","0.2","4","170","3788","0.2","4","170","3788","0.2","4","170"
"False","0.0","1","219.0","False","0.102","2118","0.36","94","34","2118","0.36","94","34","2118","0.36","94","34"
"False","0.0","2","191.6667","False","0.051","195","0.2","0","3","195","0.2","0","3","195","0.2","0","3"
"False","0.0","0","431.0","False","0.0886","2118","0.36","94","34","2118","0.36","94","34","2118","0.36","94","34"
"True","2.0","0","431.0","False","0.0726","6115","0.2","0","131","6115","0.2","0","131","6115","0.2","0","131"
"False","0.0","1","48.1071","False","0.0074","22","0.2","0","0","22","0.2","0","0","22","0.2","0","0"
"False","0.0","1","123.8","False","0.0464","243","0.2","0","3","243","0.2","0","3","243","0.2","0","3"
"True","1.0","0","431.0","False","0.12","3788","0.2","4","170","3788","0.2","4","170","3788","0.2","4","170"
"False","0.0","2","49.0","False","0.011","22","0.2","0","0","22","0.2","0","0","22","0.2","0","0"
"False","0.0","2","225.3333","False","0.072","2118","0.36","94","34","2118","0.36","94","34","2118","0.36","94","34"
"True","1.0","0","304.5","False","0.0808","4218","0.2","0","1259","4218","0.2","0","1259","4218","0.2","0","1259"
"True","1.0","1","145.75","False","0.0674","4884","0.2","0","99","4884","0.2","0","99","4884","0.2","0","99"
"False","0.0","2","59.5","False","0.0286","201","0.2","0","2","201","0.2","0","2","201","0.2","0","2"
"False","0.0","0","26.5714","False","0.0491","3788","0.2","4","170","3788","0.2","4","170","3788","0.2","4","170"
"False","0.0","0","161.0","False","0.0382","3383","0.2","0","40","3383","0.2","0","40","3383","0.2","0","40"
"False","0.0","3","100.2","False","0.0819","184","0.2","0","13","184","0.2","0","13","184","0.2","0","13"
"False","0.0","0","69.5714","False","0.0256","373","0.36","1","1","373","0.36","1","1","373","0.36","1","1"
"False","0.0","1","115.0","False","0.0244","516","0.2","0","2","516","0.2","0","2","516","0.2","0","2"
"True","1.0","1","91.5","False","0.048","416","0.2","0","5","416","0.2","0","5","416","0.2","0","5"
"False","0.0","0","60.75","False","0.042","201","0.2","0","2","201","0.2","0","2","201","0.2","0","2"
"False","0.0","0","97.8","False","0.0469","3","0.2","0","0","3","0.2","0","0","3","0.2","0","0"
"True","1.0","0","163.0","False","0.0502","16","0.2","0","0","16","0.2","0","0","16","0.2","0","0"
"True","2.0","0","223.5","False","0.0409","2118","0.36","94","34","2118","0.36","94","34","2118","0.36","94","34"
"True","1.0","0","122.4","False","0.037","14172","0.2","0","137","14172","0.2","0","137","14172","0.2","0","137"
"False","0.0","0","89.5","False","0.0725","137","0.2","0","6","137","0.2","0","6","137","0.2","0","6"
"True","4.0","0","137.75","False","0.0556","570","0.2","0","2","570","0.2","0","2","570","0.2","0","2"
"True","9.0","0","49.7857","False","0.0159","98","0.2","0","0","98","0.2","0","0","98","0.2","0","0"
"False","0.0","3","64.2","False","0.0502","11241","0.2","0","41","11241","0.2","0","41","11241","0.2","0","41"
"True","1.0","0","79.2727","False","0.0463","121","0.2","0","11","121","0.2","0","11","121","0.2","0","11"
"True","1.0","2","115.75","False","0.0409","156","0.2","0","1","156","0.2","0","1","156","0.2","0","1"
"False","0.0","0","62.4286","False","0.0255","31","0.2","0","1","31","0.2","0","1","31","0.2","0","1"
"False","0.0","0","431.0","True","0.0405","1978","0.2","0","3","1978","0.2","0","3","1978","0.2","0","3"
"True","1.0","0","114.6","False","0.05","971","0.2","0","29","971","0.2","0","29","971","0.2","0","29"
"False","0.0","1","178.0","False","0.0794","3788","0.2","4","170","3788","0.2","4","170","3788","0.2","4","170"
"False","0.0","0","48.1071","False","0.0074","22","0.2","0","0","22","0.2","0","0","22","0.2","0","0"
"False","0.0","0","56.75","False","0.0112","134","0.2","0","7","134","0.2","0","7","134","0.2","0","7"
"False","0.0","3","431.0","False","0.0442","3967","0.2","0","80","3967","0.2","0","80","3967","0.2","0","80"
"False","0.0","2","91.25","False","0.0507","5243","0.2","0","158","5243","0.2","0","158","5243","0.2","0","158"
"True","3.0","0","268.0","False","0.0544","346","0.2","0","13","346","0.2","0","13","346","0.2","0","13"
"True","1.0","0","47.125","False","0.0109","98","0.2","0","0","98","0.2","0","0","98","0.2","0","0"
"False","0.0","0","32.7143","False","0.0394","682","0.2","0","56","682","0.2","0","56","682","0.2","0","56"
"True","1.0","0","178.0","False","0.0566","416","0.2","0","5","416","0.2","0","5","416","0.2","0","5"
"False","0.0","0","116.6","False","0.0508","255","0.2","0","2","255","0.2","0","2","255","0.2","0","2"
"False","0.0","0","110.75","False","0.0545","98","0.2","0","0","98","0.2","0","0","98","0.2","0","0"
"False","0.0","1","84.2857","False","0.0457","156","0.2","0","1","156","0.2","0","1","156","0.2","0","1"
"True","1.0","0","80.25","False","0.0382","802","0.2","0","358","802","0.2","0","358","802","0.2","0","358"
"True","1.0","0","87.2","False","0.0744","6115","0.2","0","131","6115","0.2","0","131","6115","0.2","0","131"
"True","1.0","0","431.0","False","0.0645","2118","0.36","94","34","2118","0.36","94","34","2118","0.36","94","34"
"True","1.0","0","268.0","False","0.0576","2118","0.36","94","34","2118","0.36","94","34","2118","0.36","94","34"
"True","1.0","0","82.5714","False","0.0707","261","0.2","0","3","261","0.2","0","3","261","0.2","0","3"
"True","1.0","0","72.5556","False","0.0247","682","0.2","0","56","682","0.2","0","56","682","0.2","0","56"
"True","1.0","0","118.75","False","0.0152","79","0.2","0","2","79","0.2","0","2","79","0.2","0","2"
"True","1.0","0","431.0","False","0.0632","2118","0.36","94","34","2118","0.36","94","34","2118","0.36","94","34"
"True","1.0","0","66.0909","False","0.0568","269","0.2","0","0","269","0.2","0","0","269","0.2","0","0"
"False","0.0","1","431.0","False","0.0989","2118","0.36","94","34","2118","0.36","94","34","2118","0.36","94","34"
"False","0.0","0","60.1905","False","0.0107","487","0.2","0","3","487","0.2","0","3","487","0.2","0","3"
"False","0.0","0","431.0","False","0.0598","98","0.2","0","0","98","0.2","0","0","98","0.2","0","0"
"True","5.0","0","57.1905","False","0.0145","85","0.2","0","1","85","0.2","0","1","85","0.2","0","1"
"True","1.0","0","431.0","False","0.0451","3323","0.2","1","39","3323","0.2","1","39","3323","0.2","1","39"
"False","0.0","0","180.6667","False","0.0115","1","0.2","0","0","1","0.2","0","0","1","0.2","0","0"
"False","0.0","1","92.0","False","0.0654","85","0.2","0","1","85","0.2","0","1","85","0.2","0","1"
"True","1.0","0","55.9","False","0.0597","544","0.2","0","14","544","0.2","0","14","544","0.2","0","14"
"False","0.0","5","98.0","False","0.0235","930","0.2","6","19","930","0.2","6","19","930","0.2","6","19"
"False","0.0","0","91.5","False","0.1062","1195","0.2","0","22","1195","0.2","0","22","1195","0.2","0","22"
"False","0.0","0","431.0","False","0.0897","2464","0.2","0","47","2464","0.2","0","47","2464","0.2","0","47"
"True","12.0","0","57.1905","False","0.0145","85","0.2","0","1","85","0.2","0","1","85","0.2","0","1"
"True","2.0","0","184.0","False","0.0414","2118","0.36","94","34","2118","0.36","94","34","2118","0.36","94","34"
"True","1.0","0","93.625","False","0.0332","682","0.2","0","56","682","0.2","0","56","682","0.2","0","56"
"False","0.0","0","59.875","False","0.0583","1031","0.2","0","20","1031","0.2","0","20","1031","0.2","0","20"
"True","12.0","0","56.7619","False","0.0144","85","0.2","0","1","85","0.2","0","1","85","0.2","0","1"
"True","1.0","0","89.8571","False","0.0474","682","0.2","0","56","682","0.2","0","56","682","0.2","0","56"
"False","0.0","2","431.0","False","0.0833","1184","0.2","2","38","1184","0.2","2","38","1184","0.2","2","38"
"True","1.0","0","144.6667","False","0.0588","309","0.2","0","5","309","0.2","0","5","309","0.2","0","5"
"True","1.0","0","154.6","False","0.0244","3383","0.2","0","40","3383","0.2","0","40","3383","0.2","0","40"
"False","0.0","0","90.0","False","0.0265","416","0.2","0","5","416","0.2","0","5","416","0.2","0","5"
"True","1.0","0","58.4286","False","0.0324","332","0.2","3","5","332","0.2","3","5","332","0.2","3","5"
"False","0.0","0","431.0","False","0.0299","26","0.2","0","1","26","0.2","0","1","26","0.2","0","1"
"False","0.0","0","91.5","False","0.0547","299","0.2","0","1","299","0.2","0","1","299","0.2","0","1"
"True","1.0","1","431.0","False","0.115","2118","0.36","94","34","2118","0.36","94","34","2118","0.36","94","34"
"True","1.0","0","57.0","False","0.0708","802","0.2","0","358","802","0.2","0","358","802","0.2","0","358"
"False","0.0","2","61.3333","False","0.0387","416","0.2","0","5","416","0.2","0","5","416","0.2","0","5"
"True","1.0","0","111.75","False","0.0369","903","0.2","0","24","903","0.2","0","24","903","0.2","0","24"
"True","1.0","0","249.0","False","0.0613","2118","0.36","94","34","2118","0.36","94","34","2118","0.36","94","34"
"False","0.0","0","47.8519","False","0.0147","22","0.2","0","0","22","0.2","0","0","22","0.2","0","0"
"False","0.0","0","56.6923","False","0.0115","274","0.2","0","9","274","0.2","0","9","274","0.2","0","9"
"True","9.0","0","49.7857","False","0.0159","98","0.2","0","0","98","0.2","0","0","98","0.2","0","0"
"False","0.0","0","75.75","False","0.0455","1031","0.2","0","20","1031","0.2","0","20","1031","0.2","0","20"
"True","2.0","0","124.8","False","0.0577","195","0.2","0","3","195","0.2","0","3","195","0.2","0","3"
"True","2.0","0","69.625","False","0.0374","682","0.2","0","56","682","0.2","0","56","682","0.2","0","56"
"True","1.0","0","144.6","False","0.0374","243","0.2","0","3","243","0.2","0","3","243","0.2","0","3"
"True","1.0","0","113.0","False","0.0629","758","0.2","0","75","758","0.2","0","75","758","0.2","0","75"
"True","1.0","0","81.3","False","0.0459","487","0.2","0","3","487","0.2","0","3","487","0.2","0","3"
"False","0.0","0","304.5","False","0.0956","220","0.2","0","6","220","0.2","0","6","220","0.2","0","6"
"False","0.0","2","431.0","False","0.0991","3788","0.2","4","170","3788","0.2","4","170","3788","0.2","4","170"
"False","0.0","0","110.75","False","0.0547","98","0.2","0","0","98","0.2","0","0","98","0.2","0","0"
"True","9.0","0","49.7857","False","0.016","23","0.2","0","0","23","0.2","0","0","23","0.2","0","0"
"False","0.0","3","93.25","False","0.0488","148","0.2","7","2","148","0.2","7","2","148","0.2","7","2"
"False","0.0","1","431.0","False","0.1061","2118","0.36","94","34","2118","0.36","94","34","2118","0.36","94","34"
"False","0.0","0","91.5","False","0.0381","1195","0.2","0","22","1195","0.2","0","22","1195","0.2","0","22"
"True","1.0","0","100.0","False","0.0545","4884","0.2","0","99","4884","0.2","0","99","4884","0.2","0","99"
"True","3.0","0","113.0","False","0.0672","758","0.2","0","75","758","0.2","0","75","758","0.2","0","75"
"True","9.0","0","49.7857","False","0.0158","98","0.2","0","0","98","0.2","0","0","98","0.2","0","0"
"False","0.0","0","41.8889","False","0.0177","373","0.36","1","1","373","0.36","1","1","373","0.36","1","1"
"True","1.0","0","50.4545","False","0.019","26","0.2","1","0","26","0.2","1","0","26","0.2","1","0"
"False","0.0","1","431.0","False","0.0704","373","0.36","1","1","373","0.36","1","1","373","0.36","1","1"
"False","0.0","2","16.9048","False","0.0039","148","0.2","7","2","148","0.2","7","2","148","0.2","7","2"
"False","0.0","0","178.0","False","0.0408","416","0.2","0","5","416","0.2","0","5","416","0.2","0","5"
"True","3.0","0","52.6667","False","0.0414","16","0.2","0","0","16","0.2","0","0","16","0.2","0","0"
"False","0.0","0","82.3333","False","0.0386","838","0.2","0","3","838","0.2","0","3","838","0.2","0","3"
"False","0.0","1","46.4483","False","0.0074","22","0.2","0","0","22","0.2","0","0","22","0.2","0","0"
"True","2.0","0","64.7143","False","0.0664","682","0.2","0","56","682","0.2","0","56","682","0.2","0","56"
"True","9.0","0","49.7857","False","0.0159","98","0.2","0","0","98","0.2","0","0","98","0.2","0","0"
"False","0.0","1","131.8","False","0.0459","955","0.2","0","13","955","0.2","0","13","955","0.2","0","13"
"False","0.0","0","44.6667","False","0.0157","7504","0.2","0","74","7877","0.56","1","75","7504","0.36","1","74"
"False","0.0","1","178.0","False","0.0813","3788","0.2","4","170","3788","0.2","4","170","3788","0.2","4","170"
"False","0.0","1","249.0","False","0.0926","2118","0.36","94","34","2118","0.36","94","34","2118","0.36","94","34"
"True","1.0","0","80.25","False","0.0504","802","0.2","0","358","802","0.2","0","358","802","0.2","0","358"
"True","1.0","0","431.0","False","0.0409","2118","0.36","94","34","2118","0.36","94","34","2118","0.36","94","34"
"True","1.0","0","431.0","False","0.0542","14172","0.2","0","137","14172","0.2","0","137","14172","0.2","0","137"
"True","1.0","0","89.0","False","0.0837","260","0.2","0","3","260","0.2","0","3","260","0.2","0","3"
"True","5.0","0","56.8095","False","0.0107","85","0.2","0","1","85","0.2","0","1","85","0.2","0","1"
"False","0.0","3","136.4","False","0.0556","2118","0.36","94","34","2118","0.36","94","34","2118","0.36","94","34"
"False","0.0","1","50.3462","False","0.0149","22","0.2","0","0","22","0.2","0","0","22","0.2","0","0"
"False","0.0","0","91.5","False","0.0549","1195","0.2","0","22","1195","0.2","0","22","1195","0.2","0","22"
"True","1.0","0","90.9","False","0.0088","79","0.2","0","2","79","0.2","0","2","79","0.2","0","2"
"False","0.0","1","48.1071","False","0.0074","22","0.2","0","0","22","0.2","0","0","22","0.2","0","0"
"True","1.0","0","53.5833","False","0.0113","147","0.2","0","1","147","0.2","0","1","147","0.2","0","1"
"False","0.0","1","58.0","False","0.0273","156","0.2","0","1","156","0.2","0","1","156","0.2","0","1"
"True","1.0","3","431.0","False","0.0822","2118","0.36","94","34","2118","0.36","94","34","2118","0.36","94","34"
"True","2.0","3","268.0","False","0.0352","2118","0.36","94","34","2118","0.36","94","34","2118","0.36","94","34"
"True","3.0","0","121.1429","False","0.0437","1031","0.2","0","20","1031","0.2","0","20","1031","0.2","0","20"
"True","1.0","0","56.125","False","0.0762","260","0.2","0","3","260","0.2","0","3","260","0.2","0","3"
"True","2.0","1","184.0","False","0.0316","2118","0.36","94","34","2118","0.36","94","34","2118","0.36","94","34"
"True","2.0","0","184.0","False","0.0317","2118","0.36","94","34","2118","0.36","94","34","2118","0.36","94","34"
"True","3.0","0","238.0","False","0.0572","346","0.2","0","13","346","0.2","0","13","346","0.2","0","13"
"True","1.0","0","70.5","False","0.0582","802","0.2","0","358","802","0.2","0","358","802","0.2","0","358"
"False","0.0","0","81.25","False","0.0537","916","0.2","0","11","916","0.2","0","11","916","0.2","0","11"
"False","0.0","0","431.0","False","0.1063","2118","0.36","94","34","2118","0.36","94","34","2118","0.36","94","34"
"True","1.0","1","431.0","False","0.0571","2118","0.36","94","34","2118","0.36","94","34","2118","0.36","94","34"
"True","1.0","0","70.5","False","0.032","802","0.2","0","358","802","0.2","0","358","802","0.2","0","358"
"True","1.0","0","144.75","False","0.0449","4884","0.2","0","99","4884","0.2","0","99","4884","0.2","0","99"
"True","1.0","0","431.0","False","0.0455","3383","0.2","0","40","3383","0.2","0","40","3383","0.2","0","40"
"False","0.0","0","431.0","False","0.0976","8611","0.2","0","19","8611","0.2","0","19","8611","0.2","0","19"
"False","0.0","1","89.5","False","0.0954","3788","0.2","4","170","3788","0.2","4","170","3788","0.2","4","170"
"True","1.0","1","37.6","False","0.0437","549","0.2","0","19","549","0.2","0","19","549","0.2","0","19"
"False","0.0","2","48.1071","False","0.0074","22","0.2","0","0","22","0.2","0","0","22","0.2","0","0"
"False","0.0","1","91.5","False","0.087","3788","0.2","4","170","3788","0.2","4","170","3788","0.2","4","170"
"True","1.0","0","127.6","False","0.0326","3383","0.2","0","40","3383","0.2","0","40","3383","0.2","0","40"
"True","1.0","0","87.2","False","0.0488","173","0.2","0","4","173","0.2","0","4","173","0.2","0","4"
"False","0.0","1","64.7143","False","0.0717","156","0.2","0","1","156","0.2","0","1","156","0.2","0","1"
"False","0.0","0","76.0","False","0.0382","80","0.2","0","3","80","0.2","0","3","80","0.2","0","3"
"True","1.0","1","234.6667","False","0.0694","117","0.2","0","11","117","0.2","0","11","117","0.2","0","11"
"True","1.0","0","91.5","False","0.0664","549","0.2","0","19","549","0.2","0","19","549","0.2","0","19"
"True","4.0","0","60.0","False","0.0367","416","0.2","0","5","416","0.2","0","5","416","0.2","0","5"
"True","1.0","1","91.25","False","0.0359","5243","0.2","0","158","5243","0.2","0","158","5243","0.2","0","158"
"True","1.0","0","216.0","False","0.1007","181","0.2","0","7","181","0.2","0","7","181","0.2","0","7"
"True","1.0","13","0.0","False","0.0492","24718","0.2","0","335","24718","0.2","0","335","24718","0.2","0","335"
"False","0.0","1","48.1071","False","0.0074","22","0.2","0","0","22","0.2","0","0","22","0.2","0","0"
"True","1.0","0","97.4","False","0.0071","79","0.2","0","2","79","0.2","0","2","79","0.2","0","2"
"True","1.0","2","216.0","False","0.0879","966","0.2","0","18","966","0.2","0","18","966","0.2","0","18"
"False","0.0","0","178.0","False","0.0355","95","0.2","0","1","95","0.2","0","1","95","0.2","0","1"
"True","9.0","0","49.7857","False","0.0159","98","0.2","0","0","98","0.2","0","0","98","0.2","0","0"
"True","1.0","0","85.25","False","0.0278","76","0.2","0","7","76","0.2","0","7","76","0.2","0","7"
"True","1.0","0","58.4","False","0.0802","3","0.2","0","0","3","0.2","0","0","3","0.2","0","0"
"True","1.0","0","108.4","False","0.0247","136","0.2","0","0","136","0.2","0","0","136","0.2","0","0"
"True","1.0","0","218.0","False","0.0538","2118","0.36","94","34","2118","0.36","94","34","2118","0.36","94","34"
"True","1.0","0","98.4545","False","0.0545","3","0.2","0","0","3","0.2","0","0","3","0.2","0","0"
"False","0.0","2","70.5","False","0.0602","1590","0.2","0","65","1590","0.2","0","65","1590","0.2","0","65"
"True","2.0","0","119.6","False","0.0447","682","0.2","0","56","682","0.2","0","56","682","0.2","0","56"
"False","0.0","1","86.5833","False","0.0432","487","0.2","0","3","487","0.2","0","3","487","0.2","0","3"
"False","0.0","0","178.0","False","0.0897","3788","0.2","4","170","3788","0.2","4","170","3788","0.2","4","170"
"False","0.0","0","112.5","False","0.036","1061","0.2","0","9","1061","0.2","0","9","1061","0.2","0","9"
"False","0.0","0","122.5","False","0.1034","911","0.2","0","15","911","0.2","0","15","911","0.2","0","15"
"True","1.0","0","431.0","False","0.0873","2973","0.2","0","197","2973","0.2","0","197","2973","0.2","0","197"
"True","1.0","2","81.6667","False","0.0622","215","0.2","0","0","215","0.2","0","0","215","0.2","0","0"
"False","0.0","6","100.2","False","0.0777","3788","0.2","4","170","3788","0.2","4","170","3788","0.2","4","170"
"False","0.0","0","178.0","False","0.0506","370","0.2","1","5","370","0.2","1","5","370","0.2","1","5"
"True","1.0","0","133.8333","False","0.0483","2118","0.36","94","34","2118","0.36","94","34","2118","0.36","94","34"
"True","4.0","0","109.0","True","0.0419","150","0.2","0","14","150","0.2","0","14","150","0.2","0","14"
"False","0.0","0","144.3333","False","0.0642","966","0.2","0","18","966","0.2","0","18","966","0.2","0","18"
"True","2.0","0","144.6667","False","0.0594","195","0.2","0","3","195","0.2","0","3","195","0.2","0","3"
"True","12.0","1","59.6","False","0.0108","85","0.2","0","1","85","0.2","0","1","85","0.2","0","1"
"False","0.0","1","30.6667","False","0.0463","596","0.2","0","16","596","0.2","0","16","596","0.2","0","16"
"False","0.0","0","82.1429","False","0.0766","435","0.2","0","9","435","0.2","0","9","435","0.2","0","9"
"False","0.0","0","431.0","False","0.0","26","0.2","0","1","26","0.2","0","1","26","0.2","0","1"
"True","1.0","0","178.0","False","0.0762","46","0.2","0","3","46","0.2","0","3","46","0.2","0","3"
"False","0.0","0","431.0","False","0.0934","2118","0.36","94","34","2118","0.36","94","34","2118","0.36","94","34"
"True","1.0","0","431.0","False","0.0676","3323","0.2","1","39","3323","0.2","1","39","3323","0.2","1","39"
"True","1.0","0","75.4545","False","0.0437","349","0.2","0","1","349","0.2","0","1","349","0.2","0","1"
"True","2.0","0","57.0","False","0.0498","682","0.2","0","56","682","0.2","0","56","682","0.2","0","56"
"True","1.0","0","207.0","False","0.0366","3644","0.2","0","67","3644","0.2","0","67","3644","0.2","0","67"
"True","1.0","0","99.7143","False","0.0246","682","0.2","0","56","682","0.2","0","56","682","0.2","0","56"
"True","1.0","0","163.75","False","0.0727","3","0.2","0","0","3","0.2","0","0","3","0.2","0","0"
"False","0.0","1","431.0","False","0.0757","3788","0.2","4","170","3788","0.2","4","170","3788","0.2","4","170"
"False","0.0","2","48.1071","False","0.0074","22","0.2","0","0","22","0.2","0","0","22","0.2","0","0"
"True","2.0","0","148.75","False","0.0562","802","0.2","0","358","802","0.2","0","358","802","0.2","0","358"
"True","1.0","0","159.25","False","0.0172","79","0.2","0","2","79","0.2","0","2","79","0.2","0","2"
"False","0.0","0","218.0","False","0.0594","98","0.2","0","0","98","0.2","0","0","98","0.2","0","0"
"True","1.0","0","72.0","False","0.049","802","0.2","0","358","802","0.2","0","358","802","0.2","0","358"
"False","0.0","0","73.0769","False","0.0362","85","0.2","0","1","85","0.2","0","1","85","0.2","0","1"
"True","5.0","0","57.1905","False","0.0145","85","0.2","0","1","85","0.2","0","1","85","0.2","0","1"
"False","0.0","11","58.0","False","0.0554","332","0.2","3","5","332","0.2","3","5","332","0.2","3","5"
"True","1.0","0","69.25","False","0.0394","802","0.2","0","358","802","0.2","0","358","802","0.2","0","358"
"False","0.0","0","89.5","False","0.0544","370","0.2","1","5","370","0.2","1","5","370","0.2","1","5"
"True","1.0","0","52.6667","False","0.0459","16","0.2","0","0","16","0.2","0","0","16","0.2","0","0"
"True","1.0","1","431.0","False","0.0406","2118","0.36","94","34","2118","0.36","94","34","2118","0.36","94","34"
"False","0.0","3","67.75","False","0.032","5243","0.2","0","158","5243","0.2","0","158","5243","0.2","0","158"
"False","0.0","0","136.2","False","0.0758","220","0.2","0","6","220","0.2","0","6","220","0.2","0","6"
"True","1.0","0","221.3333","False","0.0196","232","0.2","0","8","232","0.2","0","8","232","0.2","0","8"
"True","1.0","0","151.0","False","0.068","115","0.2","0","0","115","0.2","0","0","115","0.2","0","0"
"False","0.0","0","238.0","False","0.0526","346","0.2","0","13","346","0.2","0","13","346","0.2","0","13"
"False","0.0","0","431.0","False","0.1167","182","0.2","0","19","182","0.2","0","19","182","0.2","0","19"
"False","0.0","0","74.6","False","0.0625","269","0.2","0","0","269","0.2","0","0","269","0.2","0","0"
"False","0.0","0","47.8519","False","0.0147","22","0.2","0","0","22","0.2","0","0","22","0.2","0","0"
"True","5.0","0","57.1905","False","0.0145","85","0.2","0","1","85","0.2","0","1","85","0.2","0","1"
"False","0.0","0","117.5714","False","0.0308","379","0.2","0","4","379","0.2","0","4","379","0.2","0","4"
"True","12.0","2","64.8333","False","0.0166","85","0.2","0","1","85","0.2","0","1","85","0.2","0","1"
"False","0.0","0","154.3333","False","0.0884","2118","0.36","94","34","2118","0.36","94","34","2118","0.36","94","34"
"False","0.0","0","82.3333","False","0.0386","838","0.2","0","3","838","0.2","0","3","838","0.2","0","3"
"False","0.0","0","110.125","False","0.0374","195","0.2","0","3","195","0.2","0","3","195","0.2","0","3"
"False","0.0","0","35.0556","False","0.0047","373","0.36","1","1","373","0.36","1","1","373","0.36","1","1"
"True","4.0","0","106.0","False","0.0303","416","0.2","0","5","416","0.2","0","5","416","0.2","0","5"
"False","0.0","0","86.3889","False","0.0173","487","0.2","0","3","487","0.2","0","3","487","0.2","0","3"
"False","0.0","0","90.0","False","0.0654","416","0.2","0","5","416","0.2","0","5","416","0.2","0","5"
"True","1.0","0","109.7778","False","0.0323","121","0.2","0","11","121","0.2","0","11","121","0.2","0","11"
"True","1.0","1","225.0","False","0.0707","2118","0.36","94","34","2118","0.36","94","34","2118","0.36","94","34"
"True","1.0","0","178.0","False","0.0597","117","0.2","0","5","117","0.2","0","5","117","0.2","0","5"
"False","0.0","0","72.65","False","0.0233","3","0.2","0","0","3","0.2","0","0","3","0.2","0","0"
"True","1.0","0","98.375","False","0.0218","682","0.2","0","56","682","0.2","0","56","682","0.2","0","56"
"True","3.0","0","270.5","False","0.0381","2118","0.36","94","34","2118","0.36","94","34","2118","0.36","94","34"
"False","0.0","0","45.4286","False","0.0504","80","0.2","0","3","80","0.2","0","3","80","0.2","0","3"
"False","0.0","1","60.1905","False","0.0131","487","0.2","0","3","487","0.2","0","3","487","0.2","0","3"
"True","1.0","0","55.2","False","0.0323","261","0.2","0","3","261","0.2","0","3","261","0.2","0","3"
"False","0.0","2","249.0","False","0.108","3788","0.2","4","170","3788","0.2","4","170","3788","0.2","4","170"
"False","0.0","0","42.0","False","0.0412","1031","0.2","0","20","1031","0.2","0","20","1031","0.2","0","20"
"True","3.0","0","143.4","False","0.0311","346","0.2","0","13","346","0.2","0","13","346","0.2","0","13"
"False","0.0","0","108.4","False","0.0172","136","0.2","0","0","136","0.2","0","0","136","0.2","0","0"
"False","0.0","0","43.7","False","0.0071","373","0.36","1","1","373","0.36","1","1","373","0.36","1","1"
"True","1.0","2","216.0","False","0.0845","779","0.2","0","32","779","0.2","0","32","779","0.2","0","32"
"False","0.0","1","178.0","False","0.0967","3788","0.2","4","170","3788","0.2","4","170","3788","0.2","4","170"
"False","0.0","0","249.0","False","0.0901","2118","0.36","94","34","2118","0.36","94","34","2118","0.36","94","34"
"True","1.0","0","59.6","False","0.008","79","0.2","0","2","79","0.2","0","2","79","0.2","0","2"
"False","0.0","0","26.1","False","0.018","148","0.2","7","2","148","0.2","7","2","148","0.2","7","2"
"True","1.0","0","89.5","False","0.1116","3788","0.2","4","170","3788","0.2","4","170","3788","0.2","4","170"
"True","1.0","0","431.0","False","0.0884","2118","0.36","94","34","2118","0.36","94","34","2118","0.36","94","34"
"True","1.0","0","190.3333","False","0.0833","10","0.2","0","0","10","0.2","0","0","10","0.2","0","0"
"False","0.0","1","86.0","False","0.0539","397","0.2","1","23","397","0.2","1","23","397","0.2","1","23"
"True","6.0","1","223.5","False","0.0518","2118","0.36","94","34","2118","0.36","94","34","2118","0.36","94","34"
"False","0.0","0","48.0741","False","0.0036","22","0.2","0","0","22","0.2","0","0","22","0.2","0","0"
"True","1.0","0","82.6667","False","0.0192","3","0.2","0","0","3","0.2","0","0","3","0.2","0","0"
"False","0.0","0","171.2","False","0.0496","220","0.2","0","6","220","0.2","0","6","220","0.2","0","6"
"True","1.0","0","431.0","False","0.083","544","0.2","0","14","544","0.2","0","14","544","0.2","0","14"
"False","0.0","8","90.0","False","0.0667","3788","0.2","4","170","3788","0.2","4","170","3788","0.2","4","170"
"False","0.0","0","60.1905","False","0.0131","487","0.2","0","3","487","0.2","0","3","487","0.2","0","3"
"True","4.0","0","146.6667","False","0.0596","638","0.2","0","4","638","0.2","0","4","638","0.2","0","4"
"True","12.0","0","65.25","False","0.0073","85","0.2","0","1","85","0.2","0","1","85","0.2","0","1"
"True","1.0","0","431.0","False","0.0643","3323","0.2","1","39","3323","0.2","1","39","3323","0.2","1","39"
"True","1.0","0","92.8571","False","0.0323","682","0.2","0","56","682","0.2","0","56","682","0.2","0","56"
"True","6.0","0","223.5","False","0.0446","2118","0.36","94","34","2118","0.36","94","34","2118","0.36","94","34"
"True","1.0","0","216.0","False","0.0763","2118","0.36","94","34","2118","0.36","94","34","2118","0.36","94","34"
"True","1.0","0","144.3333","False","0.0843","181","0.2","0","7","181","0.2","0","7","181","0.2","0","7"
